<beans xmlns="http://www.springframework.org/schema/beans"
	xmlns:xsi="http://www.w3.org/2001/XMLSchema-instance" xmlns:context="http://www.springframework.org/schema/context"
	xmlns:mvc="http://www.springframework.org/schema/mvc" xmlns:tx="http://www.springframework.org/schema/tx"
	xsi:schemaLocation="http://www.springframework.org/schema/mvc http://www.springframework.org/schema/mvc/spring-mvc.xsd
		http://www.springframework.org/schema/beans http://www.springframework.org/schema/beans/spring-beans.xsd
		http://www.springframework.org/schema/tx http://www.springframework.org/schema/tx/spring-tx-4.1.xsd
		http://www.springframework.org/schema/context http://www.springframework.org/schema/context/spring-context.xsd">


	<context:component-scan base-package="com" />
	<bean id="dataSource"
		class="org.springframework.jdbc.datasource.DriverManagerDataSource">
		<property name="driverClassName" value="org.apache.derby.jdbc.ClientDriver" />
		<property name="url"
			value="jdbc:derby://172.24.19.27:1527/easycab;create=true" />
		<property name="username" value="easycab" />
		<property name="password" value="psw" />
	</bean>

	<bean id="employeeDao" class="com.hackathon.employee.EmployeeDao"></bean>
	<bean id="helpDeskBean" class="com.hackathon.helpdesk.HelpDeskBean"></bean>
	<bean id="data" class="com.hackathon.model.Data"></bean>
	<bean id="errorDetails" class="com.hackathon.model.ErrorDetails"></bean>
	<bean id="metaData" class="com.hackathon.model.MetaData"></bean>
	<bean id="response" class="com.hackathon.model.Response"></bean>


	<mvc:annotation-driven />
	<mvc:default-servlet-handler />
</beans>